{
  "name": "Inventory Sensor",
  "version": "1.10.5",
  "title": "Inventory Sensor",
  "author": "Optera",
  "contact": "https://forums.factorio.com/memberlist.php?mode=viewprofile&u=21729",
  "homepage": "https://forums.factorio.com/viewtopic.php?f=97&t=30454",
  "description": "Adds a combinator that reads inventories, fuel and equipment grid of locomotives, wagons, cars, furnaces, assemblers, roboports, rocket silos and reactors.",
  "factorio_version": "1.1",
  "dependencies": ["base >= 1.1.0"]
}
